{
    "chair_10": {
        "t": [
            [
                1.5582894086837769
            ],
            [
                1.0517553091049194
            ],
            [
                0.41709497570991516
            ]
        ],
        "R": [
            [
                0.9955409018604486,
                -0.09412970727206882,
                0.0061571853764305524
            ],
            [
                0.09413963802650216,
                0.9955580974743161,
                -0.0013427976615191942
            ],
            [
                -0.006003438608351459,
                0.0019164451975641644,
                0.999980142784186
            ]
        ],
        "s": [
            [
                1.0671685934066772
            ],
            [
                0.8957670331001282
            ],
            [
                1.0835185050964355
            ]
        ]
    },
    "chair_11": {
        "t": [
            [
                1.6212106943130493
            ],
            [
                -0.17547129094600677
            ],
            [
                0.4149533212184906
            ]
        ],
        "R": [
            [
                -0.999604803402603,
                0.028040702110393695,
                -0.0019889795373697196
            ],
            [
                -0.028032659576128743,
                -0.999599154692703,
                -0.0039623143139945975
            ],
            [
                -0.0020992883396023262,
                -0.0039049920345849173,
                0.9999901719645435
            ]
        ],
        "s": [
            [
                1.0667903423309326
            ],
            [
                0.8957439064979553
            ],
            [
                1.0839428901672363
            ]
        ]
    },
    "chair_12": {
        "t": [
            [
                1.0106627941131592
            ],
            [
                0.377106249332428
            ],
            [
                0.4116508960723877
            ]
        ],
        "R": [
            [
                -0.1353224241585354,
                -0.9907900985045853,
                -0.004777261258495203
            ],
            [
                0.9907756686290113,
                -0.13535220170854384,
                0.006584523170689466
            ],
            [
                -0.007170493190367393,
                -0.0038421605802153127,
                0.9999669103672797
            ]
        ],
        "s": [
            [
                1.066526174545288
            ],
            [
                0.8958889842033386
            ],
            [
                1.0836842060089111
            ]
        ]
    },
    "chair_23": {
        "t": [
            [
                -0.39573678374290466
            ],
            [
                1.246349811553955
            ],
            [
                0.47915947437286377
            ]
        ],
        "R": [
            [
                -0.9989090341168003,
                0.008012038255908932,
                0.04600596486138507
            ],
            [
                -0.008492620753347398,
                -0.9999112984416978,
                -0.010260148214221707
            ],
            [
                0.045919679360607035,
                -0.010639665954522988,
                0.9988884725312407
            ]
        ],
        "s": [
            [
                1.2165907621383667
            ],
            [
                1.2212846279144287
            ],
            [
                1.1691638231277466
            ]
        ]
    },
    "chair_24": {
        "t": [
            [
                -1.2802106142044067
            ],
            [
                1.293785810470581
            ],
            [
                0.45234906673431396
            ]
        ],
        "R": [
            [
                -0.9986910186067587,
                -0.02418686520274919,
                0.045069334428840056
            ],
            [
                0.023715832051230738,
                -0.99965869423441,
                -0.010956931672314776
            ],
            [
                0.04531896583454221,
                -0.009873732486653578,
                0.9989237712370596
            ]
        ],
        "s": [
            [
                1.2164793014526367
            ],
            [
                1.2215572595596313
            ],
            [
                1.1685360670089722
            ]
        ]
    },
    "mychair_1": {
        "t": [
            [
                -0.048843864351511
            ],
            [
                -0.04022793844342232
            ],
            [
                0.48389753699302673
            ]
        ],
        "R": [
            [
                0.9962021636605939,
                -0.08698006787553472,
                -0.0039644558666480775
            ],
            [
                0.08698957021499892,
                0.996206588710043,
                0.0022906952020949165
            ],
            [
                0.003750172230844621,
                -0.002626861828589945,
                0.9999895178476484
            ]
        ],
        "s": [
            [
                0.9999797344207764
            ],
            [
                1.0003300905227661
            ],
            [
                1.0003938674926758
            ]
        ]
    }
}